axis,gain,w,k,cover
dx_succ_onb 상위25%,4.441263716736671,1.0,1000.0,0.9984576362782882
tmc_breaking_dev 상위50%,3.9730325047617043,1.0,1000.0,0.7731226356668652
tmh_speed_dev 하위25%,3.910257937969959,1.5,3000.0,0.7891221938644692
tmh_speed_dev 상위50%,3.5496132114748207,1.5,3000.0,0.7891221938644692
tmh_breaking_dev 하위25%,3.472409692135784,0.65,1000.0,0.7891221938644692
tmc_fastball_dev 상위50%,2.909476906333225,1.5,3000.0,0.7731226356668652
tmc_speed_dev 상위50%,2.7455831178365315,1.5,3000.0,0.7731226356668652
dx_mid_bs 상위25%,2.7439912365082364,0.65,1000.0,0.9984576362782882
lx_str_bs 상위25%,2.714888939030061,0.65,1000.0,0.9984576362782882
score_diff_home 하위25%,2.671915304036702,0.65,1000.0,1.0
asof_pitcher_prev1_game_middle_rate 하위25%,2.652498752836891,0.65,1000.0,0.9856493114588551
dx_succ_bs 상위25%,2.6281702072705,0.65,1000.0,0.9984576362782882
tmh_n 상위25%,2.563080188385129,1.0,300.0,0.7891221938644692
asof_pitcher_prev1_game_middle_rate 상위50%,2.5146226699248473,0.3,300.0,0.9856493114588551
asof_pitcher_prev1_game_success_rate 상위50%,2.4706671944751406,0.5,1000.0,0.9856493114588551
asof_pitcher_prev3_game_success_rate 상위50%,2.4361171738535177,1.0,3000.0,0.9856493114588551
home_win_expectancy 하위25%,2.3292279814369294,1.5,3000.0,1.0
away_win_expectancy 상위25%,2.3292279814369294,1.5,3000.0,1.0
game_type==F,2.239439124458613,1.5,3000.0,1.0
game_type==R,2.239439124458613,1.5,3000.0,1.0
asof_batter_n 상위50%,2.2199594519463517,1.5,3000.0,1.0
strikes_before==0,2.066966806706091,1.0,3000.0,1.0
tmc_breaking_dev 하위25%,2.0620259870836435,1.5,3000.0,0.7731226356668652
tmh_offspeed_dev 상위25%,1.9152434951984105,0.5,1000.0,0.7891221938644692
lx_ball_bs 상위25%,1.895687525008725,1.5,3000.0,0.9984576362782882
runner_on_2b==1,1.864712634531088,0.65,1000.0,1.0
runner_on_2b==0,1.864712634531088,0.65,1000.0,1.0
cur_bb 하위25%,1.7601778073185415,1.5,3000.0,0.9984576362782882
asof_pitcher_strike_rate 하위25%,1.7263239959769408,0.3,300.0,0.9996804821957579
lx_rev_bs 상위25%,1.6889899417942615,0.5,1000.0,0.9984576362782882
score_diff_pitcher_team 상위25%,1.5743487006036503,0.3,300.0,1.0
cur_rev 상위50%,1.5506262672738558,0.3,300.0,0.9984576362782882
cur_succ 상위50%,1.4751658301356656,0.3,300.0,0.9984576362782882
asof_pitcher_ball_rate 상위50%,1.432862545153057,0.65,1000.0,0.9996804821957579
asof_pitcher_breaking_rate 하위25%,1.395309191935553,0.5,300.0,0.9996804821957579
game_dayofweek==5,1.2252213743123548,0.3,300.0,1.0
tmh_offspeed_dev 상위50%,1.161933954151209,0.65,3000.0,0.7891221938644692
asof_pitcher_breaking_rate 상위50%,1.11937907327831,1.5,3000.0,0.9996804821957579
asof_pitcher_prev5_game_success_rate 상위50%,1.0960783228280206,0.3,1000.0,0.9856493114588551
asof_pitcher_success_rate 하위25%,1.0946241038166136,0.5,300.0,0.9996804821957579
tmc_offspeed_dev 상위25%,1.0826953724226769,1.5,3000.0,0.7731226356668652
batter_hand==2,0.972491506629126,0.3,1000.0,1.0
batter_hand==1,0.972491506629126,0.3,1000.0,1.0
dx_mid_bs 하위25%,0.9694261302392988,1.0,3000.0,0.9984576362782882
dx_succ_sh 하위25%,0.9654430732095989,0.3,1000.0,0.9984576362782882
cur_mid 상위25%,0.9528693007055153,1.5,3000.0,0.9984576362782882
asof_pitcher_fastball_rate 하위25%,0.9462176052491031,0.5,300.0,0.9996804821957579
cur_bmid 상위50%,0.9444566814962627,1.0,3000.0,0.9983274623580414
k2_rev_2s 상위25%,0.9352132887065636,1.5,10000.0,0.9984576362782882
base_state==_2_,0.9168258539714316,1.5,3000.0,1.0
k2_ball_2s 상위25%,0.9017554307001774,1.5,10000.0,0.9984576362782882
lx_str_sh 하위25%,0.8933277966705191,0.3,1000.0,0.9984576362782882
game_month==4,0.88671102693786,1.0,3000.0,1.0
lx_ball_sh 하위25%,0.8299667382240159,0.5,3000.0,0.9984576362782882
run_top_before 상위25%,0.8206078819209779,1.0,3000.0,1.0
tmh_speed_dev 상위25%,0.7544421761065223,1.5,10000.0,0.7891221938644692
base_state==12_,0.7526365079828565,1.5,3000.0,1.0
asof_pitcher_prev1_game_success_rate 상위25%,0.7408302683987813,0.65,3000.0,0.9856493114588551
num_runners_on==3,0.7395106043119313,0.3,300.0,1.0
base_state==123,0.7395106043119313,0.3,300.0,1.0
lx_rev_sh 하위25%,0.735861789691171,0.5,3000.0,0.9984576362782882
lx_str_bs 하위25%,0.7042732338277347,1.5,10000.0,0.9984576362782882
asof_pitcher_reverse_rate 하위25%,0.697309106331204,1.5,3000.0,0.9996804821957579
k2_ball_2s 하위25%,0.6903854516087904,1.5,10000.0,0.9984576362782882
k2_rev_2s 하위25%,0.6673744752872608,1.5,10000.0,0.9984576362782882
dx_mid_sh 하위25%,0.6655050847966777,0.5,3000.0,0.9984576362782882
strikes_before==2,0.6640644372603219,1.5,10000.0,1.0
score_diff_home 상위50%,0.6475710581815974,0.3,300.0,1.0
dx_mid_adv 상위25%,0.6405001566671444,1.5,10000.0,0.9984576362782882
dx_succ_adv 상위25%,0.5917187137998781,1.5,10000.0,0.9984576362782882
tmc_speed_dev 하위25%,0.5710033535735874,1.0,3000.0,0.7731226356668652
tmh_breaking_dev 상위50%,0.5445133500948032,1.5,10000.0,0.7891221938644692
cur_os 상위50%,0.5295319974245558,0.5,1000.0,0.9984576362782882
cur_logn_bat 하위25%,0.5209810175530265,0.65,3000.0,1.0
cur_bmid 상위25%,0.4784165871104733,0.65,3000.0,0.9983274623580414
asof_batter_n 상위25%,0.47645249164781944,1.0,3000.0,1.0
asof_pitcher_prev5_game_middle_rate 상위25%,0.4722456869260441,0.3,1000.0,0.9856493114588551
cur_bsucc 하위25%,0.4653617892931834,0.3,1000.0,0.9983274623580414
k2_ball_2slow 하위25%,0.46285106325376546,1.5,10000.0,0.9984576362782882
dx_mid_bs 상위50%,0.458412680732863,1.5,10000.0,0.9984576362782882
asof_pitcher_prev3_game_middle_rate 하위25%,0.44731923422352793,1.5,10000.0,0.9856493114588551
dx_mid_adv 하위25%,0.44724632325971925,1.5,10000.0,0.9984576362782882
lx_ball_bs 상위50%,0.43626428852792287,1.5,10000.0,0.9984576362782882
k2_rev_2slow 하위25%,0.43380452686847093,1.5,10000.0,0.9984576362782882
li 상위25%,0.39840765358792396,0.3,1000.0,1.0
lx_str_bs 상위50%,0.39175567913730447,1.5,10000.0,0.9984576362782882
dx_succ_adv 하위25%,0.38893068333732117,1.5,10000.0,0.9984576362782882
lx_rev_bs 상위50%,0.3780942614959031,1.5,10000.0,0.9984576362782882
dx_succ_bs 상위50%,0.3737286174947485,1.5,10000.0,0.9984576362782882
asof_pitcher_prev1_game_success_rate 하위25%,0.3683053489980921,0.5,3000.0,0.9856493114588551
cur_logn_pitch 상위50%,0.3647731369644589,1.5,10000.0,1.0
cur_logn_mix 상위50%,0.3647731369644589,1.5,10000.0,1.0
cur_logn_mix 상위25%,0.35844742726237655,1.5,10000.0,1.0
cur_logn_pitch 상위25%,0.35844742726237655,1.5,10000.0,1.0
asof_pitcher_prev3_game_middle_rate 상위25%,0.3503498936753431,0.3,300.0,0.9856493114588551
tmc_n 상위25%,0.32834885952047443,0.3,1000.0,0.7731226356668652
dx_mid_onb 하위25%,0.32770041295805186,1.5,10000.0,0.9984576362782882
asof_pitcher_prev3_game_success_rate 상위25%,0.3259717500446868,0.5,3000.0,0.9856493114588551
dx_succ_bs 하위25%,0.32028230220282694,1.5,10000.0,0.9984576362782882
asof_pitcher_ball_rate 하위25%,0.3081456571524086,0.65,1000.0,0.9996804821957579
dx_succ_sh 상위25%,0.30186511073100064,0.5,3000.0,0.9984576362782882
tmc_breaking_dev 상위25%,0.29661343351244795,1.5,10000.0,0.7731226356668652
lx_rev_bs 하위25%,0.2919587772232717,1.5,10000.0,0.9984576362782882
tmh_fastball_dev 상위50%,0.25507548230655175,1.0,10000.0,0.7891221938644692
game_dayofweek==4,0.2540396696664402,1.5,10000.0,1.0
run_total_before 하위25%,0.23983273532860494,0.5,3000.0,1.0
tmc_speed_dev 상위25%,0.23352418102592765,1.5,10000.0,0.7731226356668652
asof_pitcher_middle_rate 하위25%,0.23219135074828046,0.3,300.0,0.9996804821957579
asof_pitcher_prev5_game_success_rate 상위25%,0.2316165730795774,0.3,3000.0,0.9856493114588551
dx_succ_onb 하위25%,0.22325195511621132,1.5,10000.0,0.9984576362782882
tmc_offspeed_dev 하위25%,0.2210409340782462,1.5,10000.0,0.7731226356668652
tmh_offspeed_dev 하위25%,0.20601623987317907,1.0,10000.0,0.7891221938644692
num_runners_on==0,0.20593587345501874,1.0,10000.0,1.0
base_state==___,0.20593587345501874,1.0,10000.0,1.0
inning 상위25%,0.20526719296549345,0.3,1000.0,1.0
top_bottom==T,0.1966434841708633,1.0,10000.0,1.0
top_bottom==B,0.1966434841708633,1.0,10000.0,1.0
tmc_offspeed_dev 상위50%,0.1711014878151218,1.5,10000.0,0.7731226356668652
asof_batter_n 하위25%,0.1663505319113483,1.5,10000.0,1.0
run_total_before 상위50%,0.16209326637840604,0.5,3000.0,1.0
asof_pitcher_strike_rate 상위50%,0.16153348312172966,0.3,1000.0,0.9996804821957579
dx_mid_onb 상위25%,0.15877704820979943,1.0,10000.0,0.9984576362782882
asof_pitcher_success_rate 상위50%,0.15400138524171325,0.3,1000.0,0.9996804821957579
lx_rev_sh 상위50%,0.15151852035978663,0.5,300.0,0.9984576362782882
tmh_fastball_dev 상위25%,0.14657582495351562,0.3,3000.0,0.7891221938644692
asof_pitcher_prev1_game_middle_rate 상위25%,0.13416607214082887,0.3,3000.0,0.9856493114588551
cur_fb 상위50%,0.13017397786552465,0.3,1000.0,0.9984576362782882
asof_pitcher_success_rate 상위25%,0.12768911818250217,1.0,10000.0,0.9996804821957579
game_dayofweek==6,0.12054139136716913,1.0,10000.0,1.0
tmc_n 상위50%,0.11283722455311818,1.5,10000.0,0.7731226356668652
cur_succ 상위25%,0.11160122781654991,0.3,1000.0,0.9984576362782882
tmh_breaking_dev 상위25%,0.1029274255126893,0.65,10000.0,0.7891221938644692
li 상위50%,0.09543201910469179,0.3,3000.0,1.0
cur_bmid 하위25%,0.07803160807168297,0.65,10000.0,0.9983274623580414
asof_pitcher_pitchmix_n 하위25%,0.07111849692319083,0.3,1000.0,1.0
asof_pitcher_n 하위25%,0.07111849692319083,0.3,1000.0,1.0
cur_bsucc 상위50%,0.06992138797227199,0.3,1000.0,0.9983274623580414
tmc_fastball_dev 상위25%,0.06752460963855356,0.3,3000.0,0.7731226356668652
inning 하위25%,0.055970473847537505,0.3,3000.0,1.0
cur_logn_mix 하위25%,0.05438245038283185,0.65,10000.0,1.0
cur_logn_pitch 하위25%,0.05438245038283185,0.65,10000.0,1.0
cur_logn_bat 상위25%,0.0542209804475533,0.65,10000.0,1.0
asof_batter_success_rate 상위25%,0.052886962598563514,0.3,3000.0,0.9996528695460086
asof_pitcher_pitchmix_n 상위25%,0.052740125271725447,0.5,3000.0,1.0
asof_pitcher_n 상위25%,0.052740125271725447,0.5,3000.0,1.0
cur_ball 상위50%,0.04752245092117846,1.0,10000.0,0.9984576362782882
tmc_fastball_dev 하위25%,0.04438117833524302,0.65,10000.0,0.7731226356668652
game_month==7,0.04233875786599128,0.3,3000.0,1.0
score_diff_pitcher_team 상위50%,0.03714208476355907,0.5,10000.0,1.0
run_top_before 상위50%,0.0317844758976662,0.5,10000.0,1.0
lx_rev_sh 상위25%,0.030216560440635476,0.5,10000.0,0.9984576362782882
cur_bsucc 상위25%,0.029303720649522802,0.3,3000.0,0.9983274623580414
cur_fb 상위25%,0.024629088954270628,0.3,3000.0,0.9984576362782882
asof_pitcher_offspeed_rate 상위50%,0.021760722803719545,0.65,10000.0,0.9996804821957579
game_month==5,0.01997385828849474,0.5,10000.0,1.0
outs_before==0,0.018577584907234268,0.5,10000.0,1.0
lx_ball_bs 하위25%,0.01751297533246543,0.3,10000.0,0.9984576362782882
lx_ball_sh 상위25%,0.01597129365188721,0.3,10000.0,0.9984576362782882
home_win_expectancy 상위50%,0.014963400817350703,0.3,10000.0,1.0
asof_pitcher_reverse_rate 상위50%,0.010680176156142807,0.5,10000.0,0.9996804821957579
away_win_expectancy 상위50%,0.007878876570998727,0.3,10000.0,1.0
num_runners_on==2,0.00484521541295635,0.3,10000.0,1.0
tmh_fastball_dev 하위25%,0.002645202244025313,0.3,10000.0,0.7891221938644692
pitcher_hand==1,-0.0006825666069971703,0.3,10000.0,1.0
pitcher_hand==2,-0.0006825666069971703,0.3,10000.0,1.0
dx_succ_sh 상위50%,-0.0011187598156539025,0.3,10000.0,0.9984576362782882
lx_str_sh 상위50%,-0.0015873784669793167,0.3,10000.0,0.9984576362782882
cur_rev 상위25%,-0.0031403576094817254,0.3,10000.0,0.9984576362782882
runner_on_1b==0,-0.004797838210720329,0.3,10000.0,1.0
runner_on_1b==1,-0.004797838210720329,0.3,10000.0,1.0
cur_fb 하위25%,-0.006394794689072114,0.3,10000.0,0.9984576362782882
lx_ball_sh 상위50%,-0.007519222667269787,0.3,10000.0,0.9984576362782882
asof_pitcher_prev5_game_success_rate 하위25%,-0.01222486449603366,0.3,10000.0,0.9856493114588551
cur_os 상위25%,-0.017121726981827123,0.3,10000.0,0.9984576362782882
balls_before==1,-0.01724519863932983,0.3,10000.0,1.0
outs_before==1,-0.018957443677550145,0.3,10000.0,1.0
asof_pitcher_fastball_rate 상위25%,-0.021150569659539542,0.3,10000.0,0.9996804821957579
asof_pitcher_offspeed_rate 상위25%,-0.022385486742223293,0.3,10000.0,0.9996804821957579
cur_ball 상위25%,-0.02327830600086145,0.3,10000.0,0.9984576362782882
dx_mid_sh 상위50%,-0.023624198593552137,0.3,10000.0,0.9984576362782882
base_state==1_3,-0.02411233597104001,0.3,10000.0,1.0
balls_before==3,-0.024833627021962457,0.3,10000.0,1.0
asof_pitcher_strike_rate 상위25%,-0.03389446523658535,0.3,10000.0,0.9996804821957579
lx_str_sh 상위25%,-0.035336495435785764,0.3,10000.0,0.9984576362782882
base_state==__3,-0.03956576114876498,0.3,10000.0,1.0
tmc_n 하위25%,-0.04266226415109031,0.3,10000.0,0.7731226356668652
base_state==_23,-0.04565284486966448,0.3,10000.0,1.0
cur_str 상위50%,-0.045819777938618245,0.3,10000.0,0.9984576362782882
asof_pitcher_reverse_rate 상위25%,-0.04936900215250262,0.3,10000.0,0.9996804821957579
asof_pitcher_prev3_game_success_rate 하위25%,-0.05226932799257611,0.3,10000.0,0.9856493114588551
run_top_before 하위25%,-0.055517933141345566,0.3,10000.0,1.0
cur_ball 하위25%,-0.057593372480823746,0.3,10000.0,0.9984576362782882
cur_succ 하위25%,-0.057823748492637606,0.3,10000.0,0.9984576362782882
li 하위25%,-0.05837402654924517,0.3,10000.0,1.0
asof_pitcher_middle_rate 상위25%,-0.05895139938081684,0.3,10000.0,0.9996804821957579
asof_pitcher_pitchmix_n 상위50%,-0.06474870623424067,0.3,10000.0,1.0
asof_pitcher_n 상위50%,-0.06474870623424067,0.3,10000.0,1.0
cur_bb 상위50%,-0.06488426238456668,0.3,10000.0,0.9984576362782882
cur_str 하위25%,-0.067858471500017,0.3,10000.0,0.9984576362782882
cur_mid 상위50%,-0.06798716285311457,0.3,10000.0,0.9984576362782882
cur_logn_bat 상위50%,-0.06893147893595142,0.3,10000.0,1.0
run_bot_before 하위25%,-0.07012419518525803,0.3,10000.0,1.0
asof_batter_success_rate 상위50%,-0.07570348799424664,0.3,10000.0,0.9996528695460086
game_dayofweek==1,-0.07617623927853856,0.3,10000.0,1.0
asof_pitcher_prev3_game_middle_rate 상위50%,-0.07919530635649608,0.3,10000.0,0.9856493114588551
run_bot_before 상위50%,-0.08202129026574312,0.3,10000.0,1.0
cur_rev 하위25%,-0.08219666011939353,0.3,10000.0,0.9984576362782882
tmh_n 상위50%,-0.08380077654874185,0.3,10000.0,0.7891221938644692
asof_pitcher_offspeed_rate 하위25%,-0.08615045367446328,0.3,10000.0,0.9996804821957579
num_runners_on==1,-0.0874103922727727,0.3,10000.0,1.0
score_diff_pitcher_team 하위25%,-0.08855641344155174,0.3,10000.0,1.0
cur_str 상위25%,-0.09240068265796708,0.3,10000.0,0.9984576362782882
asof_pitcher_prev5_game_middle_rate 하위25%,-0.09413234533553805,0.3,10000.0,0.9856493114588551
balls_before==2,-0.09495579606129922,0.3,10000.0,1.0
inning 상위50%,-0.096540432681536,0.3,10000.0,1.0
balls_before==0,-0.0995391530143479,0.3,10000.0,1.0
asof_pitcher_fastball_rate 상위50%,-0.10142711686819439,0.3,10000.0,0.9996804821957579
asof_batter_success_rate 하위25%,-0.1026987966189381,0.3,10000.0,0.9996528695460086
runner_on_3b==0,-0.11207248635696487,0.3,10000.0,1.0
runner_on_3b==1,-0.11207248635696487,0.3,10000.0,1.0
asof_pitcher_breaking_rate 상위25%,-0.11526412201169478,0.3,10000.0,0.9996804821957579
game_month==10,-0.1187174755129945,0.3,10000.0,1.0
cur_os 하위25%,-0.12370346208638239,0.3,10000.0,0.9984576362782882
asof_batter_middle_rate 상위25%,-0.1361868789840628,0.3,10000.0,0.9996528695460086
outs_before==2,-0.14699756649554274,0.3,10000.0,1.0
asof_pitcher_middle_rate 상위50%,-0.14984373272284301,0.3,10000.0,0.9996804821957579
cur_bb 상위25%,-0.15311306322610108,0.3,10000.0,0.9984576362782882
asof_pitcher_ball_rate 상위25%,-0.16033973905086896,0.3,10000.0,0.9996804821957579
game_month==8,-0.16662286391988346,0.3,10000.0,1.0
game_month==9,-0.17155812607779808,0.3,10000.0,1.0
tmh_n 하위25%,-0.20060620925585226,0.3,10000.0,0.7891221938644692
run_total_before 상위25%,-0.20662032377776995,0.3,10000.0,1.0
asof_pitcher_prev5_game_middle_rate 상위50%,-0.21095708229586307,0.3,10000.0,0.9856493114588551
game_dayofweek==2,-0.223726135736797,0.3,10000.0,1.0
game_month==6,-0.22648122241719193,0.3,10000.0,1.0
cur_mid 하위25%,-0.22682429071574006,0.3,10000.0,0.9984576362782882
score_diff_home 상위25%,-0.22807272796308098,0.3,10000.0,1.0
asof_batter_middle_rate 하위25%,-0.23067536807911893,0.3,10000.0,0.9996528695460086
asof_batter_middle_rate 상위50%,-0.24623934511771495,0.3,10000.0,0.9996528695460086
away_win_expectancy 하위25%,-0.24729951746905954,0.3,10000.0,1.0
home_win_expectancy 상위25%,-0.24729951746905954,0.3,10000.0,1.0
run_bot_before 상위25%,-0.247946931150409,0.3,10000.0,1.0
base_state==1__,-0.24939373350343885,0.3,10000.0,1.0
strikes_before==1,-0.25038306694159473,0.3,10000.0,1.0
dx_mid_sh 상위25%,-0.2748352517884314,0.3,10000.0,0.9984576362782882
game_dayofweek==3,-0.31365745054415584,0.3,10000.0,1.0
