experiment_id,variant,model,n_features,hyperparameters,feature_spec,seeds,n_runs,fold_2021,fold_2022,fold_2023,fold_2024,mean,delta_mean,delta_se,delta_by_fold,sign_consistent,pos_frac,pred_mean,pred_std
exp001,base,hgb,55,"{""l2"": 1.0, ""leaves"": 10, ""lr"": 0.02, ""min_leaf"": 1000, ""n_iter"": 1100}","{""base"": ""prod""}","42,43,44,45,46,47,48,49,50,51",30,1204.53,2260.93,,665.60,1377.02,,,,,,0.5168,0.0552
exp002,base,hgb,55,"{""l2"": 1.0, ""leaves"": 10, ""lr"": 0.02, ""min_leaf"": 1000, ""n_iter"": 1100}","{""base"": ""prod""}","42,43,44",9,1207.22,2250.61,,662.99,1373.61,,,,,,0.5165,0.0551
exp002,no_batter_n,hgb,54,"{""l2"": 1.0, ""leaves"": 10, ""lr"": 0.02, ""min_leaf"": 1000, ""n_iter"": 1100}","{""base"": ""prod"", ""drop"": [""asof_batter_n""]}","42,43,44",9,1200.88,2243.88,,695.92,1380.23,+6.62,7.11,2021:-6.3 2022:-6.7 2024:+32.9,NO,4/9,0.5159,0.0550
exp002,no_both,hgb,53,"{""l2"": 1.0, ""leaves"": 10, ""lr"": 0.02, ""min_leaf"": 1000, ""n_iter"": 1100}","{""base"": ""prod"", ""drop"": [""season"", ""asof_batter_n""]}","42,43,44",9,1315.70,2214.72,,235.91,1255.44,-118.17,80.04,2021:+108.5 2022:-35.9 2024:-427.1,NO,3/9,0.5182,0.0556
exp002,no_season,hgb,54,"{""l2"": 1.0, ""leaves"": 10, ""lr"": 0.02, ""min_leaf"": 1000, ""n_iter"": 1100}","{""base"": ""prod"", ""drop"": [""season""]}","42,43,44",9,1325.62,2219.94,,206.68,1250.74,-122.86,86.16,2021:+118.4 2022:-30.7 2024:-456.3,NO,3/9,0.5192,0.0557
exp004,base,hgb,55,"{""l2"": 1.0, ""leaves"": 10, ""lr"": 0.02, ""min_leaf"": 1000, ""n_iter"": 1100}","{""base"": ""prod""}","42,43,44",9,1207.22,2250.61,,662.99,1373.61,,,,,,0.5165,0.0551
exp004,tmx_both,hgb,61,"{""l2"": 1.0, ""leaves"": 10, ""lr"": 0.02, ""min_leaf"": 1000, ""n_iter"": 1100}","{""add"": [""tmc_spin_dev"", ""tmc_hb_dev"", ""tmc_ivb_dev"", ""tmh_spin_dev"", ""tmh_hb_dev"", ""tmh_ivb_dev""], ""base"": ""prod""}","42,43,44",9,1218.60,2261.19,,653.23,1377.67,+4.07,4.93,2021:+11.4 2022:+10.6 2024:-9.8,NO,4/9,0.5174,0.0555
exp004,tmx_c,hgb,58,"{""l2"": 1.0, ""leaves"": 10, ""lr"": 0.02, ""min_leaf"": 1000, ""n_iter"": 1100}","{""add"": [""tmc_spin_dev"", ""tmc_hb_dev"", ""tmc_ivb_dev""], ""base"": ""prod""}","42,43,44",9,1206.96,2252.96,,659.14,1373.02,-0.59,3.53,2021:-0.3 2022:+2.3 2024:-3.9,NO,5/9,0.5166,0.0552
exp004,tmx_h,hgb,58,"{""l2"": 1.0, ""leaves"": 10, ""lr"": 0.02, ""min_leaf"": 1000, ""n_iter"": 1100}","{""add"": [""tmh_spin_dev"", ""tmh_hb_dev"", ""tmh_ivb_dev""], ""base"": ""prod""}","42,43,44",9,1217.38,2262.64,,650.57,1376.86,+3.26,5.06,2021:+10.2 2022:+12.0 2024:-12.4,NO,5/9,0.5173,0.0556
exp005,base,hgb,55,"{""l2"": 1.0, ""leaves"": 10, ""lr"": 0.02, ""min_leaf"": 1000, ""n_iter"": 1100}","{""base"": ""prod""}","42,43,44,45,46,47",18,1202.89,2263.24,,665.58,1377.23,,,,,,0.5167,0.0551
exp005,no_batter_n,hgb,54,"{""l2"": 1.0, ""leaves"": 10, ""lr"": 0.02, ""min_leaf"": 1000, ""n_iter"": 1100}","{""base"": ""prod"", ""drop"": [""asof_batter_n""]}","42,43,44,45,46,47",18,1197.46,2255.68,,696.06,1383.07,+5.83,4.73,2021:-5.4 2022:-7.6 2024:+30.5,NO,9/18,0.5160,0.0550
exp006,cat,cat,55,"{""depth"": 6, ""l2"": 3.0, ""lr"": 0.02, ""min_leaf"": 1000, ""n_iter"": 1200}","{""base"": ""prod""}","42,43",2,,,,718.02,718.02,+58.75,6.29,2024:+58.8,yes,2/2,0.4968,0.0435
exp006,hgb,hgb,55,"{""l2"": 1.0, ""leaves"": 10, ""lr"": 0.02, ""min_leaf"": 1000, ""n_iter"": 1100}","{""base"": ""prod""}","42,43",2,,,,659.26,659.26,,,,,,0.4975,0.0427
exp006,lgbm,lgbm,55,"{""l2"": 1.0, ""leaves"": 10, ""lr"": 0.02, ""min_leaf"": 1000, ""n_iter"": 1100}","{""base"": ""prod""}","42,43",2,,,,659.77,659.77,+0.51,4.81,2024:+0.5,yes,1/2,0.4978,0.0428
exp007,base,hgb,55,"{""l2"": 1.0, ""leaves"": 10, ""lr"": 0.02, ""min_leaf"": 1000, ""n_iter"": 1100}","{""base"": ""prod""}","42,43,44",3,,,0.00,,0.00,,,,,,0.5209,0.0674
exp007,no_batter_n,hgb,54,"{""l2"": 1.0, ""leaves"": 10, ""lr"": 0.02, ""min_leaf"": 1000, ""n_iter"": 1100}","{""base"": ""prod"", ""drop"": [""asof_batter_n""]}","42,43,44",3,,,0.00,,0.00,+0.00,0.00,2023:+0.0,NO,0/3,0.5211,0.0674
exp008,cat,cat,55,"{""depth"": 6, ""l2"": 3.0, ""lr"": 0.02, ""min_leaf"": 1000, ""n_iter"": 1200}","{""base"": ""prod""}","42,43",4,1257.21,2332.49,,,1794.85,+67.89,8.12,2021:+55.8 2022:+79.9,yes,4/4,0.5271,0.0604
exp008,hgb,hgb,55,"{""l2"": 1.0, ""leaves"": 10, ""lr"": 0.02, ""min_leaf"": 1000, ""n_iter"": 1100}","{""base"": ""prod""}","42,43",4,1201.36,2252.57,,,1726.97,,,,,,0.5263,0.0614
exp009,border192,cat,55,"{""depth"": 6, ""l2"": 3.0, ""lr"": 0.02, ""max_bins"": 192, ""min_leaf"": 1000, ""n_iter"": 1200, ""threads"": 11}","{""base"": ""prod""}","42,43",6,1282.83,2304.94,,706.54,1431.44,,,,,,0.5168,0.0546
exp009,border32,cat,55,"{""depth"": 6, ""l2"": 3.0, ""lr"": 0.02, ""max_bins"": 32, ""min_leaf"": 1000, ""n_iter"": 1200, ""threads"": 11}","{""base"": ""prod""}","42,43",6,1275.95,2352.95,,742.76,1457.22,,,,,,0.5171,0.0544
exp009,border64,cat,55,"{""depth"": 6, ""l2"": 3.0, ""lr"": 0.02, ""max_bins"": 64, ""min_leaf"": 1000, ""n_iter"": 1200, ""threads"": 11}","{""base"": ""prod""}","42,43",6,1287.34,2346.52,,705.87,1446.58,,,,,,0.5174,0.0548
exp009,cat_base,cat,55,"{""depth"": 6, ""l2"": 3.0, ""lr"": 0.02, ""max_bins"": 128, ""min_leaf"": 1000, ""n_iter"": 1200, ""threads"": 11}","{""base"": ""prod""}","42,43",6,1257.21,2332.49,,712.20,1433.97,,,,,,0.5169,0.0547
exp009,depth4,cat,55,"{""depth"": 4, ""l2"": 3.0, ""lr"": 0.02, ""max_bins"": 128, ""min_leaf"": 1000, ""n_iter"": 1200, ""threads"": 11}","{""base"": ""prod""}","42,43",6,1350.46,2320.94,,702.86,1458.09,,,,,,0.5167,0.0541
exp009,depth5,cat,55,"{""depth"": 5, ""l2"": 3.0, ""lr"": 0.02, ""max_bins"": 128, ""min_leaf"": 1000, ""n_iter"": 1200, ""threads"": 11}","{""base"": ""prod""}","42,43",6,1296.76,2327.68,,716.19,1446.87,,,,,,0.5168,0.0545
exp009,depth7,cat,55,"{""depth"": 7, ""l2"": 3.0, ""lr"": 0.02, ""max_bins"": 128, ""min_leaf"": 1000, ""n_iter"": 1200, ""threads"": 11}","{""base"": ""prod""}","42,43",6,1214.49,2324.41,,708.27,1415.72,,,,,,0.5175,0.0549
exp009,l2_10,cat,55,"{""depth"": 6, ""l2"": 10.0, ""lr"": 0.02, ""max_bins"": 128, ""min_leaf"": 1000, ""n_iter"": 1200, ""threads"": 11}","{""base"": ""prod""}","42,43",6,1278.03,2333.44,,716.56,1442.68,,,,,,0.5172,0.0545
exp009,l2_30,cat,55,"{""depth"": 6, ""l2"": 30.0, ""lr"": 0.02, ""max_bins"": 128, ""min_leaf"": 1000, ""n_iter"": 1200, ""threads"": 11}","{""base"": ""prod""}","42,43",6,1283.36,2334.69,,725.27,1447.77,,,,,,0.5172,0.0546
exp009,minleaf_1,cat,55,"{""depth"": 6, ""l2"": 3.0, ""lr"": 0.02, ""max_bins"": 128, ""min_leaf"": 1, ""n_iter"": 1200, ""threads"": 11}","{""base"": ""prod""}","42,43",6,1257.21,2332.49,,712.20,1433.97,,,,,,0.5169,0.0547
exp010,b16_l2_30,cat,55,"{""depth"": 6, ""l2"": 30.0, ""lr"": 0.02, ""max_bins"": 16, ""min_leaf"": 1000, ""n_iter"": 1200, ""threads"": 11}","{""base"": ""prod""}","42,43",6,1286.41,2346.07,,741.13,1457.87,,,,,,0.5168,0.0542
exp010,b32_l2_100,cat,55,"{""depth"": 6, ""l2"": 100.0, ""lr"": 0.02, ""max_bins"": 32, ""min_leaf"": 1000, ""n_iter"": 1200, ""threads"": 11}","{""base"": ""prod""}","42,43",6,1293.19,2355.24,,738.28,1462.24,,,,,,0.5169,0.0543
exp010,b32_l2_30,cat,55,"{""depth"": 6, ""l2"": 30.0, ""lr"": 0.02, ""max_bins"": 32, ""min_leaf"": 1000, ""n_iter"": 1200, ""threads"": 11}","{""base"": ""prod""}","42,43",6,1287.79,2354.30,,734.81,1458.97,,,,,,0.5171,0.0545
exp010,border16,cat,55,"{""depth"": 6, ""l2"": 3.0, ""lr"": 0.02, ""max_bins"": 16, ""min_leaf"": 1000, ""n_iter"": 1200, ""threads"": 11}","{""base"": ""prod""}","42,43",6,1299.63,2346.22,,742.00,1462.62,,,,,,0.5170,0.0544
exp010,border32,cat,55,"{""depth"": 6, ""l2"": 3.0, ""lr"": 0.02, ""max_bins"": 32, ""min_leaf"": 1000, ""n_iter"": 1200, ""threads"": 11}","{""base"": ""prod""}","42,43",6,1275.95,2352.95,,742.76,1457.22,,,,,,0.5171,0.0544
exp010,cat_base,cat,55,"{""depth"": 6, ""l2"": 3.0, ""lr"": 0.02, ""max_bins"": 128, ""min_leaf"": 1000, ""n_iter"": 1200, ""threads"": 11}","{""base"": ""prod""}","42,43",6,1257.21,2332.49,,712.20,1433.97,,,,,,0.5169,0.0547
exp010,l2_30,cat,55,"{""depth"": 6, ""l2"": 30.0, ""lr"": 0.02, ""max_bins"": 128, ""min_leaf"": 1000, ""n_iter"": 1200, ""threads"": 11}","{""base"": ""prod""}","42,43",6,1283.36,2334.69,,725.27,1447.77,,,,,,0.5172,0.0546
exp011,b16_l2_100,cat,55,"{""depth"": 6, ""l2"": 100.0, ""lr"": 0.02, ""max_bins"": 16, ""min_leaf"": 1000, ""n_iter"": 1200, ""threads"": 11}","{""base"": ""prod""}","42,43",6,1288.80,2347.24,,749.69,1461.91,,,,,,0.5169,0.0542
exp011,b32_l2_100,cat,55,"{""depth"": 6, ""l2"": 100.0, ""lr"": 0.02, ""max_bins"": 32, ""min_leaf"": 1000, ""n_iter"": 1200, ""threads"": 11}","{""base"": ""prod""}","42,43",6,1293.19,2355.24,,738.28,1462.24,,,,,,0.5169,0.0543
exp011,b32_l2_100_d5,cat,55,"{""depth"": 5, ""l2"": 100.0, ""lr"": 0.02, ""max_bins"": 32, ""min_leaf"": 1000, ""n_iter"": 1200, ""threads"": 11}","{""base"": ""prod""}","42,43",6,1320.06,2351.00,,737.01,1469.36,,,,,,0.5169,0.0542
exp011,b32_l2_300,cat,55,"{""depth"": 6, ""l2"": 300.0, ""lr"": 0.02, ""max_bins"": 32, ""min_leaf"": 1000, ""n_iter"": 1200, ""threads"": 11}","{""base"": ""prod""}","42,43",6,1294.15,2353.87,,738.29,1462.10,,,,,,0.5170,0.0543
exp011,b8_l2_100,cat,55,"{""depth"": 6, ""l2"": 100.0, ""lr"": 0.02, ""max_bins"": 8, ""min_leaf"": 1000, ""n_iter"": 1200, ""threads"": 11}","{""base"": ""prod""}","42,43",6,1277.15,2353.43,,719.55,1450.04,,,,,,0.5173,0.0543
exp011,cat_base,cat,55,"{""depth"": 6, ""l2"": 3.0, ""lr"": 0.02, ""max_bins"": 128, ""min_leaf"": 1000, ""n_iter"": 1200, ""threads"": 11}","{""base"": ""prod""}","42,43",6,1257.21,2332.49,,712.20,1433.97,,,,,,0.5169,0.0547
exp012,cat_tuned,cat,55,"{""depth"": 6, ""l2"": 100.0, ""lr"": 0.02, ""max_bins"": 32, ""min_leaf"": 1000, ""n_iter"": 1200, ""threads"": 11}","{""base"": ""prod""}","42,43",6,1293.19,2355.24,,738.28,1462.24,,,,,,0.5169,0.0543
exp012,no_batter_n,cat,54,"{""depth"": 6, ""l2"": 100.0, ""lr"": 0.02, ""max_bins"": 32, ""min_leaf"": 1000, ""n_iter"": 1200, ""threads"": 11}","{""base"": ""prod"", ""drop"": [""asof_batter_n""]}","42,43",6,1289.15,2343.54,,739.14,1457.28,,,,,,0.5172,0.0543
exp012,oh_base,cat,62,"{""depth"": 6, ""l2"": 100.0, ""lr"": 0.02, ""max_bins"": 32, ""min_leaf"": 1000, ""n_iter"": 1200, ""threads"": 11}","{""add"": [""oh_base_state_0"", ""oh_base_state_1"", ""oh_base_state_2"", ""oh_base_state_3"", ""oh_base_state_4"", ""oh_base_state_5"", ""oh_base_state_6"", ""oh_base_state_7""], ""base"": ""prod"", ""drop"": [""base_state""]}","42,43",6,1285.96,2347.67,,739.32,1457.65,,,,,,0.5170,0.0543
exp012,oh_team,cat,79,"{""depth"": 6, ""l2"": 100.0, ""lr"": 0.02, ""max_bins"": 32, ""min_leaf"": 1000, ""n_iter"": 1200, ""threads"": 11}","{""add"": [""oh_pitcher_team_id_12"", ""oh_pitcher_team_id_13"", ""oh_pitcher_team_id_14"", ""oh_pitcher_team_id_15"", ""oh_pitcher_team_id_16"", ""oh_pitcher_team_id_17"", ""oh_pitcher_team_id_18"", ""oh_pitcher_team_id_19"", ""oh_pitcher_team_id_20"", ""oh_pitcher_team_id_21"", ""oh_pitcher_team_id_22"", ""oh_pitcher_team_id_23"", ""oh_pitcher_team_id_25"", ""oh_batter_team_id_12"", ""oh_batter_team_id_13"", ""oh_batter_team_id_14"", ""oh_batter_team_id_15"", ""oh_batter_team_id_16"", ""oh_batter_team_id_17"", ""oh_batter_team_id_18"", ""oh_batter_team_id_19"", ""oh_batter_team_id_20"", ""oh_batter_team_id_21"", ""oh_batter_team_id_22"", ""oh_batter_team_id_23"", ""oh_batter_team_id_25""], ""base"": ""prod"", ""drop"": [""pitcher_team_id"", ""batter_team_id""]}","42,43",6,1256.51,2369.50,,762.85,1462.95,,,,,,0.5175,0.0547
exp012,oh_team_keep,cat,81,"{""depth"": 6, ""l2"": 100.0, ""lr"": 0.02, ""max_bins"": 32, ""min_leaf"": 1000, ""n_iter"": 1200, ""threads"": 11}","{""add"": [""oh_pitcher_team_id_12"", ""oh_pitcher_team_id_13"", ""oh_pitcher_team_id_14"", ""oh_pitcher_team_id_15"", ""oh_pitcher_team_id_16"", ""oh_pitcher_team_id_17"", ""oh_pitcher_team_id_18"", ""oh_pitcher_team_id_19"", ""oh_pitcher_team_id_20"", ""oh_pitcher_team_id_21"", ""oh_pitcher_team_id_22"", ""oh_pitcher_team_id_23"", ""oh_pitcher_team_id_25"", ""oh_batter_team_id_12"", ""oh_batter_team_id_13"", ""oh_batter_team_id_14"", ""oh_batter_team_id_15"", ""oh_batter_team_id_16"", ""oh_batter_team_id_17"", ""oh_batter_team_id_18"", ""oh_batter_team_id_19"", ""oh_batter_team_id_20"", ""oh_batter_team_id_21"", ""oh_batter_team_id_22"", ""oh_batter_team_id_23"", ""oh_batter_team_id_25""], ""base"": ""prod""}","42,43",6,1264.86,2357.59,,757.22,1459.89,,,,,,0.5177,0.0547
exp013,cat_tuned,cat,55,"{""depth"": 6, ""l2"": 100.0, ""lr"": 0.02, ""max_bins"": 32, ""min_leaf"": 1000, ""n_iter"": 1200, ""threads"": 11}","{""base"": ""prod""}","42,43",6,1293.19,2355.24,,738.28,1462.24,,,,,,0.5169,0.0543
exp013,depthwise,cat,55,"{""depth"": 6, ""grow_policy"": ""Depthwise"", ""l2"": 100.0, ""lr"": 0.02, ""max_bins"": 32, ""min_leaf"": 1000, ""n_iter"": 1200, ""threads"": 11}","{""base"": ""prod""}","42,43",6,1142.59,2310.00,,702.91,1385.17,,,,,,0.5178,0.0567
exp013,lossguide_l10,cat,55,"{""depth"": 6, ""grow_policy"": ""Lossguide"", ""l2"": 100.0, ""lr"": 0.02, ""max_bins"": 32, ""max_leaves"": 10, ""min_leaf"": 1000, ""n_iter"": 1200, ""threads"": 11}","{""base"": ""prod""}","42,43",6,1311.48,2317.11,,710.22,1446.27,,,,,,0.5174,0.0553
exp013,lossguide_l31,cat,55,"{""depth"": 6, ""grow_policy"": ""Lossguide"", ""l2"": 100.0, ""lr"": 0.02, ""max_bins"": 32, ""max_leaves"": 31, ""min_leaf"": 1000, ""n_iter"": 1200, ""threads"": 11}","{""base"": ""prod""}","42,43",6,1156.59,2313.14,,707.76,1392.49,,,,,,0.5175,0.0565
exp013,rsm_08,cat,55,"{""depth"": 6, ""l2"": 100.0, ""lr"": 0.02, ""max_bins"": 32, ""min_leaf"": 1000, ""n_iter"": 1200, ""rsm"": 0.8, ""threads"": 11}","{""base"": ""prod""}","42,43",6,1297.64,2350.96,,734.98,1461.20,,,,,,0.5170,0.0543
exp013,sub_08,cat,55,"{""depth"": 6, ""l2"": 100.0, ""lr"": 0.02, ""max_bins"": 32, ""min_leaf"": 1000, ""n_iter"": 1200, ""subsample"": 0.8, ""threads"": 11}","{""base"": ""prod""}","42,43",6,1305.45,2352.53,,744.58,1467.52,,,,,,0.5170,0.0544
exp014,cat_tuned,cat,55,"{""depth"": 6, ""l2"": 100.0, ""lr"": 0.02, ""max_bins"": 32, ""min_leaf"": 1000, ""n_iter"": 1200, ""threads"": 11}","{""base"": ""prod""}","42,43",6,1293.19,2355.24,,738.28,1462.24,,,,,,0.5169,0.0543
exp014,lr01_i2400,cat,55,"{""depth"": 6, ""l2"": 100.0, ""lr"": 0.01, ""max_bins"": 32, ""min_leaf"": 1000, ""n_iter"": 2400, ""threads"": 11}","{""base"": ""prod""}","42,43",6,1301.07,2359.48,,743.66,1468.07,,,,,,0.5170,0.0543
exp014,lr04_i600,cat,55,"{""depth"": 6, ""l2"": 100.0, ""lr"": 0.04, ""max_bins"": 32, ""min_leaf"": 1000, ""n_iter"": 600, ""threads"": 11}","{""base"": ""prod""}","42,43",6,1268.85,2339.34,,735.22,1447.80,,,,,,0.5171,0.0549
exp015,cat_tuned,cat,55,"{""depth"": 6, ""l2"": 100.0, ""lr"": 0.02, ""max_bins"": 32, ""min_leaf"": 1000, ""n_iter"": 1200, ""threads"": 11}","{""base"": ""prod""}","42,43,44,45,46,47",18,1297.01,2357.54,,736.94,1463.83,,,,,,0.5171,0.0544
exp016,cat_tuned,cat,55,"{""depth"": 6, ""l2"": 100.0, ""lr"": 0.02, ""max_bins"": 32, ""min_leaf"": 1000, ""n_iter"": 1200, ""threads"": 11}","{""base"": ""prod""}","42,43",6,1293.19,2355.24,,738.28,1462.24,,,,,,0.5169,0.0543
exp016,lr005_i4800,cat,55,"{""depth"": 6, ""l2"": 100.0, ""lr"": 0.005, ""max_bins"": 32, ""min_leaf"": 1000, ""n_iter"": 4800, ""threads"": 11}","{""base"": ""prod""}","42,43",6,1309.56,2358.67,,745.08,1471.11,,,,,,0.5170,0.0542
thrchk,cat,cat,55,"{""depth"": 6, ""l2"": 3.0, ""lr"": 0.02, ""min_leaf"": 1000, ""n_iter"": 1200}","{""base"": ""prod""}",42,1,,,,712.29,712.29,,,,,,0.4968,0.0436
val000,base,hgb,47,"{""l2"": 1.0, ""leaves"": 10, ""lr"": 0.02, ""min_leaf"": 1000, ""n_iter"": 1400}","{""base"": ""raw47""}",42,1,,,,632.14,632.14,,,,,,0.4986,0.0429
val000,dev,hgb,55,"{""l2"": 1.0, ""leaves"": 10, ""lr"": 0.02, ""min_leaf"": 1000, ""n_iter"": 1400}","{""base"": ""prod""}",42,1,,,,663.67,663.67,+31.54,,2024:+31.5,yes,1/1,0.4979,0.0437
